"year","code","product","country","Exported","Imported"
2001,"02","Meat and edible meat offal","Росія",159172,NA
2001,"04","Dairy produce; birds' eggs; natural honey; edible products of animal origin, not elsewhere ...","Росія",158637,NA
2001,"10","Cereals","all",483727,NA
2001,"10","Cereals","ЄС",118278,NA
2001,"12","Oil seeds and oleaginous fruits; miscellaneous grains, seeds and fruit; industrial or medicinal ...","ЄС",94707,NA
2001,"15","Animal or vegetable fats and oils and their cleavage products; prepared edible fats; animal ...","all",225475,NA
2001,"15","Animal or vegetable fats and oils and their cleavage products; prepared edible fats; animal ...","ЄС",31499,NA
2001,"26","Ores, slag and ash","all",427353,NA
2001,"26","Ores, slag and ash","ЄС",77747,NA
2001,"26","Ores, slag and ash","Росія",NA,117047
2001,"27","Mineral fuels, mineral oils and products of their distillation; bituminous substances; mineral ...","all",1186400,6253474
2001,"27","Mineral fuels, mineral oils and products of their distillation; bituminous substances; mineral ...","ЄС",348262,160231
2001,"27","Mineral fuels, mineral oils and products of their distillation; bituminous substances; mineral ...","Росія",34228,3399490
2001,"28","Inorganic chemicals; organic or inorganic compounds of precious metals, of rare-earth metals, ...","all",549635,NA
2001,"28","Inorganic chemicals; organic or inorganic compounds of precious metals, of rare-earth metals, ...","Росія",213346,NA
2001,"29","Organic chemicals","Росія",NA,44164
2001,"30","Pharmaceutical products","all",NA,341816
2001,"30","Pharmaceutical products","ЄС",NA,253251
2001,"31","Fertilisers","Росія",NA,18070
2001,"39","Plastics and articles thereof","all",NA,463442
2001,"39","Plastics and articles thereof","ЄС",NA,294463
2001,"39","Plastics and articles thereof","Росія",NA,67488
2001,"40","Rubber and articles thereof","Росія",NA,134430
2001,"44","Wood and articles of wood; wood charcoal","ЄС",88107,NA
2001,"48","Paper and paperboard; articles of paper pulp, of paper or of paperboard","all",NA,448268
2001,"48","Paper and paperboard; articles of paper pulp, of paper or of paperboard","ЄС",NA,262700
2001,"48","Paper and paperboard; articles of paper pulp, of paper or of paperboard","Росія",171700,153447
2001,"62","Articles of apparel and clothing accessories, not knitted or crocheted","ЄС",321187,NA
2001,"72","Iron and steel","all",4976844,NA
2001,"72","Iron and steel","ЄС",469814,NA
2001,"72","Iron and steel","Росія",496890,136697
2001,"73","Articles of iron or steel","all",648767,NA
2001,"73","Articles of iron or steel","Росія",364199,NA
2001,"82","Tools, implements, cutlery, spoons and forks, of base metal; parts thereof of base metal","all",380683,NA
2001,"84","Machinery, mechanical appliances, nuclear reactors, boilers; parts thereof","all",1248584,1660064
2001,"84","Machinery, mechanical appliances, nuclear reactors, boilers; parts thereof","ЄС",225217,788299
2001,"84","Machinery, mechanical appliances, nuclear reactors, boilers; parts thereof","Росія",555141,601151
2001,"85","Electrical machinery and equipment and parts thereof; sound recorders and reproducers, television ...","all",465658,716980
2001,"85","Electrical machinery and equipment and parts thereof; sound recorders and reproducers, television ...","ЄС",88239,434008
2001,"85","Electrical machinery and equipment and parts thereof; sound recorders and reproducers, television ...","Росія",190304,98076
2001,"86","Railway or tramway locomotives, rolling stock and parts thereof; railway or tramway track fixtures ...","all",150077,NA
2001,"86","Railway or tramway locomotives, rolling stock and parts thereof; railway or tramway track fixtures ...","Росія",78916,NA
2001,"87","Vehicles other than railway or tramway rolling stock, and parts and accessories thereof","all",NA,637049
2001,"87","Vehicles other than railway or tramway rolling stock, and parts and accessories thereof","ЄС",NA,295755
2001,"87","Vehicles other than railway or tramway rolling stock, and parts and accessories thereof","Росія",123591,208426
2001,"TOTAL","All products","all",16264734,15775093
2001,"TOTAL","All products","ЄС",2909602,4673497
2001,"TOTAL","All products","Росія",3640826,5778991
2002,"02","Meat and edible meat offal","Росія",209178,NA
2002,"04","Dairy produce; birds' eggs; natural honey; edible products of animal origin, not elsewhere ...","Росія",82507,NA
2002,"10","Cereals","all",997706,NA
2002,"10","Cereals","ЄС",384036,NA
2002,"12","Oil seeds and oleaginous fruits; miscellaneous grains, seeds and fruit; industrial or medicinal ...","ЄС",15711,NA
2002,"15","Animal or vegetable fats and oils and their cleavage products; prepared edible fats; animal ...","all",342195,NA
2002,"15","Animal or vegetable fats and oils and their cleavage products; prepared edible fats; animal ...","ЄС",92010,NA
2002,"26","Ores, slag and ash","all",440495,NA
2002,"26","Ores, slag and ash","ЄС",91539,NA
2002,"26","Ores, slag and ash","Росія",NA,82191
2002,"27","Mineral fuels, mineral oils and products of their distillation; bituminous substances; mineral ...","all",1645680,6653035
2002,"27","Mineral fuels, mineral oils and products of their distillation; bituminous substances; mineral ...","ЄС",652614,135347
2002,"27","Mineral fuels, mineral oils and products of their distillation; bituminous substances; mineral ...","Росія",24158,4057887
2002,"28","Inorganic chemicals; organic or inorganic compounds of precious metals, of rare-earth metals, ...","all",444946,NA
2002,"28","Inorganic chemicals; organic or inorganic compounds of precious metals, of rare-earth metals, ...","Росія",166277,NA
2002,"29","Organic chemicals","Росія",NA,43238
2002,"30","Pharmaceutical products","all",NA,427603
2002,"30","Pharmaceutical products","ЄС",NA,321694
2002,"31","Fertilisers","Росія",NA,39117
2002,"39","Plastics and articles thereof","all",NA,552595
2002,"39","Plastics and articles thereof","ЄС",NA,348925
2002,"39","Plastics and articles thereof","Росія",NA,66080
2002,"40","Rubber and articles thereof","Росія",NA,104080
2002,"44","Wood and articles of wood; wood charcoal","ЄС",112845,NA
2002,"48","Paper and paperboard; articles of paper pulp, of paper or of paperboard","all",NA,590393
2002,"48","Paper and paperboard; articles of paper pulp, of paper or of paperboard","ЄС",NA,398278
2002,"48","Paper and paperboard; articles of paper pulp, of paper or of paperboard","Росія",177653,137030
2002,"62","Articles of apparel and clothing accessories, not knitted or crocheted","ЄС",336149,NA
2002,"72","Iron and steel","all",5338261,NA
2002,"72","Iron and steel","ЄС",532509,NA
2002,"72","Iron and steel","Росія",307497,178326
2002,"73","Articles of iron or steel","all",560106,NA
2002,"73","Articles of iron or steel","Росія",214707,NA
2002,"82","Tools, implements, cutlery, spoons and forks, of base metal; parts thereof of base metal","all",601232,NA
2002,"84","Machinery, mechanical appliances, nuclear reactors, boilers; parts thereof","all",1281610,1816269
2002,"84","Machinery, mechanical appliances, nuclear reactors, boilers; parts thereof","ЄС",195304,1035472
2002,"84","Machinery, mechanical appliances, nuclear reactors, boilers; parts thereof","Росія",585192,458019
2002,"85","Electrical machinery and equipment and parts thereof; sound recorders and reproducers, television ...","all",476999,684509
2002,"85","Electrical machinery and equipment and parts thereof; sound recorders and reproducers, television ...","ЄС",51162,427778
2002,"85","Electrical machinery and equipment and parts thereof; sound recorders and reproducers, television ...","Росія",170772,91883
2002,"86","Railway or tramway locomotives, rolling stock and parts thereof; railway or tramway track fixtures ...","all",298631,NA
2002,"86","Railway or tramway locomotives, rolling stock and parts thereof; railway or tramway track fixtures ...","Росія",186719,NA
2002,"87","Vehicles other than railway or tramway rolling stock, and parts and accessories thereof","all",NA,926587
2002,"87","Vehicles other than railway or tramway rolling stock, and parts and accessories thereof","ЄС",NA,456391
2002,"87","Vehicles other than railway or tramway rolling stock, and parts and accessories thereof","Росія",85794,252674
2002,"TOTAL","All products","all",17927432,16975884
2002,"TOTAL","All products","ЄС",3486282,5436780
2002,"TOTAL","All products","Росія",3148747,6299107
2003,"02","Meat and edible meat offal","Росія",241433,NA
2003,"04","Dairy produce; birds' eggs; natural honey; edible products of animal origin, not elsewhere ...","Росія",166454,NA
2003,"10","Cereals","all",402300,NA
2003,"10","Cereals","ЄС",38601,NA
2003,"12","Oil seeds and oleaginous fruits; miscellaneous grains, seeds and fruit; industrial or medicinal ...","ЄС",114253,NA
2003,"15","Animal or vegetable fats and oils and their cleavage products; prepared edible fats; animal ...","all",558800,NA
2003,"15","Animal or vegetable fats and oils and their cleavage products; prepared edible fats; animal ...","ЄС",129197,NA
2003,"26","Ores, slag and ash","all",539705,NA
2003,"26","Ores, slag and ash","ЄС",95790,NA
2003,"26","Ores, slag and ash","Росія",NA,193389
2003,"27","Mineral fuels, mineral oils and products of their distillation; bituminous substances; mineral ...","all",2752977,7856923
2003,"27","Mineral fuels, mineral oils and products of their distillation; bituminous substances; mineral ...","ЄС",1011981,302058
2003,"27","Mineral fuels, mineral oils and products of their distillation; bituminous substances; mineral ...","Росія",32285,5404859
2003,"28","Inorganic chemicals; organic or inorganic compounds of precious metals, of rare-earth metals, ...","all",607175,NA
2003,"28","Inorganic chemicals; organic or inorganic compounds of precious metals, of rare-earth metals, ...","Росія",179742,NA
2003,"29","Organic chemicals","Росія",NA,76928
2003,"30","Pharmaceutical products","all",NA,596550
2003,"30","Pharmaceutical products","ЄС",NA,438150
2003,"31","Fertilisers","Росія",NA,44300
2003,"39","Plastics and articles thereof","all",NA,791642
2003,"39","Plastics and articles thereof","ЄС",NA,483727
2003,"39","Plastics and articles thereof","Росія",NA,98152
2003,"40","Rubber and articles thereof","Росія",NA,134206
2003,"44","Wood and articles of wood; wood charcoal","ЄС",155069,NA
2003,"48","Paper and paperboard; articles of paper pulp, of paper or of paperboard","all",NA,709050
2003,"48","Paper and paperboard; articles of paper pulp, of paper or of paperboard","ЄС",NA,529890
2003,"48","Paper and paperboard; articles of paper pulp, of paper or of paperboard","Росія",222603,108666
2003,"62","Articles of apparel and clothing accessories, not knitted or crocheted","ЄС",385931,NA
2003,"72","Iron and steel","all",6728129,NA
2003,"72","Iron and steel","ЄС",691790,NA
2003,"72","Iron and steel","Росія",575381,318577
2003,"73","Articles of iron or steel","all",1070682,NA
2003,"73","Articles of iron or steel","Росія",398824,NA
2003,"82","Tools, implements, cutlery, spoons and forks, of base metal; parts thereof of base metal","all",35042,NA
2003,"84","Machinery, mechanical appliances, nuclear reactors, boilers; parts thereof","all",1426137,2468391
2003,"84","Machinery, mechanical appliances, nuclear reactors, boilers; parts thereof","ЄС",195618,1432027
2003,"84","Machinery, mechanical appliances, nuclear reactors, boilers; parts thereof","Росія",677294,575732
2003,"85","Electrical machinery and equipment and parts thereof; sound recorders and reproducers, television ...","all",895659,1009893
2003,"85","Electrical machinery and equipment and parts thereof; sound recorders and reproducers, television ...","ЄС",196732,609213
2003,"85","Electrical machinery and equipment and parts thereof; sound recorders and reproducers, television ...","Росія",201747,132134
2003,"86","Railway or tramway locomotives, rolling stock and parts thereof; railway or tramway track fixtures ...","all",549793,NA
2003,"86","Railway or tramway locomotives, rolling stock and parts thereof; railway or tramway track fixtures ...","Росія",233592,NA
2003,"87","Vehicles other than railway or tramway rolling stock, and parts and accessories thereof","all",NA,1698078
2003,"87","Vehicles other than railway or tramway rolling stock, and parts and accessories thereof","ЄС",NA,813439
2003,"87","Vehicles other than railway or tramway rolling stock, and parts and accessories thereof","Росія",85836,342510
2003,"TOTAL","All products","all",23066846,23020438
2003,"TOTAL","All products","ЄС",4576135,7884076
2003,"TOTAL","All products","Росія",4311376,8645594
2004,"02","Meat and edible meat offal","Росія",177228,NA
2004,"04","Dairy produce; birds' eggs; natural honey; edible products of animal origin, not elsewhere ...","Росія",304021,NA
2004,"10","Cereals","all",842838,NA
2004,"10","Cereals","ЄС",160406,NA
2004,"12","Oil seeds and oleaginous fruits; miscellaneous grains, seeds and fruit; industrial or medicinal ...","ЄС",89950,NA
2004,"15","Animal or vegetable fats and oils and their cleavage products; prepared edible fats; animal ...","all",545812,NA
2004,"15","Animal or vegetable fats and oils and their cleavage products; prepared edible fats; animal ...","ЄС",207703,NA
2004,"26","Ores, slag and ash","all",679380,NA
2004,"26","Ores, slag and ash","ЄС",522510,NA
2004,"26","Ores, slag and ash","Росія",NA,132174
2004,"27","Mineral fuels, mineral oils and products of their distillation; bituminous substances; mineral ...","all",3403906,9755086
2004,"27","Mineral fuels, mineral oils and products of their distillation; bituminous substances; mineral ...","ЄС",1618268,142245
2004,"27","Mineral fuels, mineral oils and products of their distillation; bituminous substances; mineral ...","Росія",87490,7311406
2004,"28","Inorganic chemicals; organic or inorganic compounds of precious metals, of rare-earth metals, ...","all",785599,NA
2004,"28","Inorganic chemicals; organic or inorganic compounds of precious metals, of rare-earth metals, ...","Росія",238572,NA
2004,"29","Organic chemicals","Росія",NA,137590
2004,"30","Pharmaceutical products","all",NA,745495
2004,"30","Pharmaceutical products","ЄС",NA,530965
2004,"31","Fertilisers","Росія",NA,48360
2004,"39","Plastics and articles thereof","all",NA,1070933
2004,"39","Plastics and articles thereof","ЄС",NA,660965
2004,"39","Plastics and articles thereof","Росія",NA,127444
2004,"40","Rubber and articles thereof","Росія",NA,190876
2004,"44","Wood and articles of wood; wood charcoal","ЄС",365836,NA
2004,"48","Paper and paperboard; articles of paper pulp, of paper or of paperboard","all",NA,664836
2004,"48","Paper and paperboard; articles of paper pulp, of paper or of paperboard","ЄС",NA,441072
2004,"48","Paper and paperboard; articles of paper pulp, of paper or of paperboard","Росія",241124,158233
2004,"62","Articles of apparel and clothing accessories, not knitted or crocheted","ЄС",495581,NA
2004,"72","Iron and steel","all",10765600,NA
2004,"72","Iron and steel","ЄС",1901398,NA
2004,"72","Iron and steel","Росія",998216,526311
2004,"73","Articles of iron or steel","all",1447721,NA
2004,"73","Articles of iron or steel","Росія",481887,NA
2004,"82","Tools, implements, cutlery, spoons and forks, of base metal; parts thereof of base metal","all",29184,NA
2004,"84","Machinery, mechanical appliances, nuclear reactors, boilers; parts thereof","all",1802590,3214237
2004,"84","Machinery, mechanical appliances, nuclear reactors, boilers; parts thereof","ЄС",436885,1814958
2004,"84","Machinery, mechanical appliances, nuclear reactors, boilers; parts thereof","Росія",826632,885508
2004,"85","Electrical machinery and equipment and parts thereof; sound recorders and reproducers, television ...","all",1229025,1526422
2004,"85","Electrical machinery and equipment and parts thereof; sound recorders and reproducers, television ...","ЄС",513530,949334
2004,"85","Electrical machinery and equipment and parts thereof; sound recorders and reproducers, television ...","Росія",280090,169831
2004,"86","Railway or tramway locomotives, rolling stock and parts thereof; railway or tramway track fixtures ...","all",1490441,NA
2004,"86","Railway or tramway locomotives, rolling stock and parts thereof; railway or tramway track fixtures ...","Росія",564754,NA
2004,"87","Vehicles other than railway or tramway rolling stock, and parts and accessories thereof","all",NA,2246839
2004,"87","Vehicles other than railway or tramway rolling stock, and parts and accessories thereof","ЄС",NA,1080840
2004,"87","Vehicles other than railway or tramway rolling stock, and parts and accessories thereof","Росія",118494,496885
2004,"TOTAL","All products","all",32666132,28996784
2004,"TOTAL","All products","ЄС",9715303,9374755
2004,"TOTAL","All products","Росія",5824831,11653098
2005,"02","Meat and edible meat offal","Росія",154379,NA
2005,"04","Dairy produce; birds' eggs; natural honey; edible products of animal origin, not elsewhere ...","Росія",414891,NA
2005,"10","Cereals","all",1383083,NA
2005,"10","Cereals","ЄС",311810,NA
2005,"12","Oil seeds and oleaginous fruits; miscellaneous grains, seeds and fruit; industrial or medicinal ...","ЄС",84839,NA
2005,"15","Animal or vegetable fats and oils and their cleavage products; prepared edible fats; animal ...","all",587250,NA
2005,"15","Animal or vegetable fats and oils and their cleavage products; prepared edible fats; animal ...","ЄС",227064,NA
2005,"26","Ores, slag and ash","all",1045202,NA
2005,"26","Ores, slag and ash","ЄС",639160,NA
2005,"26","Ores, slag and ash","Росія",NA,139752
2005,"27","Mineral fuels, mineral oils and products of their distillation; bituminous substances; mineral ...","all",3342973,10661441
2005,"27","Mineral fuels, mineral oils and products of their distillation; bituminous substances; mineral ...","ЄС",1778489,256882
2005,"27","Mineral fuels, mineral oils and products of their distillation; bituminous substances; mineral ...","Росія",150295,7298078
2005,"28","Inorganic chemicals; organic or inorganic compounds of precious metals, of rare-earth metals, ...","all",931571,NA
2005,"28","Inorganic chemicals; organic or inorganic compounds of precious metals, of rare-earth metals, ...","Росія",321379,NA
2005,"29","Organic chemicals","Росія",NA,170226
2005,"30","Pharmaceutical products","all",NA,1043450
2005,"30","Pharmaceutical products","ЄС",NA,742773
2005,"31","Fertilisers","Росія",NA,78619
2005,"39","Plastics and articles thereof","all",NA,1497339
2005,"39","Plastics and articles thereof","ЄС",NA,863947
2005,"39","Plastics and articles thereof","Росія",NA,175825
2005,"40","Rubber and articles thereof","Росія",NA,248014
2005,"44","Wood and articles of wood; wood charcoal","ЄС",366608,NA
2005,"48","Paper and paperboard; articles of paper pulp, of paper or of paperboard","all",NA,866513
2005,"48","Paper and paperboard; articles of paper pulp, of paper or of paperboard","ЄС",NA,578845
2005,"48","Paper and paperboard; articles of paper pulp, of paper or of paperboard","Росія",282063,202161
2005,"62","Articles of apparel and clothing accessories, not knitted or crocheted","ЄС",527088,NA
2005,"72","Iron and steel","all",11451281,NA
2005,"72","Iron and steel","ЄС",1953965,NA
2005,"72","Iron and steel","Росія",1307267,690443
2005,"73","Articles of iron or steel","all",1848336,NA
2005,"73","Articles of iron or steel","Росія",687822,NA
2005,"82","Tools, implements, cutlery, spoons and forks, of base metal; parts thereof of base metal","all",45020,NA
2005,"84","Machinery, mechanical appliances, nuclear reactors, boilers; parts thereof","all",1921988,4050152
2005,"84","Machinery, mechanical appliances, nuclear reactors, boilers; parts thereof","ЄС",251738,2222972
2005,"84","Machinery, mechanical appliances, nuclear reactors, boilers; parts thereof","Росія",991017,926521
2005,"85","Electrical machinery and equipment and parts thereof; sound recorders and reproducers, television ...","all",916663,2289855
2005,"85","Electrical machinery and equipment and parts thereof; sound recorders and reproducers, television ...","ЄС",299268,1406216
2005,"85","Electrical machinery and equipment and parts thereof; sound recorders and reproducers, television ...","Росія",351570,224329
2005,"86","Railway or tramway locomotives, rolling stock and parts thereof; railway or tramway track fixtures ...","all",964244,NA
2005,"86","Railway or tramway locomotives, rolling stock and parts thereof; railway or tramway track fixtures ...","Росія",615201,NA
2005,"87","Vehicles other than railway or tramway rolling stock, and parts and accessories thereof","all",NA,3022933
2005,"87","Vehicles other than railway or tramway rolling stock, and parts and accessories thereof","ЄС",NA,1272961
2005,"87","Vehicles other than railway or tramway rolling stock, and parts and accessories thereof","Росія",180233,676707
2005,"TOTAL","All products","all",34227974,36121997
2005,"TOTAL","All products","ЄС",9206314,12209987
2005,"TOTAL","All products","Росія",7489792,12842463
2006,"02","Meat and edible meat offal","Росія",6142,NA
2006,"04","Dairy produce; birds' eggs; natural honey; edible products of animal origin, not elsewhere ...","Росія",139874,NA
2006,"10","Cereals","all",1354247,NA
2006,"10","Cereals","ЄС",203179,NA
2006,"12","Oil seeds and oleaginous fruits; miscellaneous grains, seeds and fruit; industrial or medicinal ...","ЄС",210190,NA
2006,"15","Animal or vegetable fats and oils and their cleavage products; prepared edible fats; animal ...","all",971401,NA
2006,"15","Animal or vegetable fats and oils and their cleavage products; prepared edible fats; animal ...","ЄС",467579,NA
2006,"26","Ores, slag and ash","all",912326,NA
2006,"26","Ores, slag and ash","ЄС",586990,NA
2006,"26","Ores, slag and ash","Росія",NA,91190
2006,"27","Mineral fuels, mineral oils and products of their distillation; bituminous substances; mineral ...","all",2553533,12711627
2006,"27","Mineral fuels, mineral oils and products of their distillation; bituminous substances; mineral ...","ЄС",1451978,629537
2006,"27","Mineral fuels, mineral oils and products of their distillation; bituminous substances; mineral ...","Росія",97079,6939822
2006,"28","Inorganic chemicals; organic or inorganic compounds of precious metals, of rare-earth metals, ...","all",1086643,NA
2006,"28","Inorganic chemicals; organic or inorganic compounds of precious metals, of rare-earth metals, ...","Росія",394745,NA
2006,"29","Organic chemicals","Росія",NA,160140
2006,"30","Pharmaceutical products","all",NA,1384877
2006,"30","Pharmaceutical products","ЄС",NA,996043
2006,"31","Fertilisers","Росія",NA,152893
2006,"39","Plastics and articles thereof","all",NA,1988858
2006,"39","Plastics and articles thereof","ЄС",NA,1153697
2006,"39","Plastics and articles thereof","Росія",NA,205792
2006,"40","Rubber and articles thereof","Росія",NA,281527
2006,"44","Wood and articles of wood; wood charcoal","ЄС",385979,NA
2006,"48","Paper and paperboard; articles of paper pulp, of paper or of paperboard","all",NA,1014210
2006,"48","Paper and paperboard; articles of paper pulp, of paper or of paperboard","ЄС",NA,694645
2006,"48","Paper and paperboard; articles of paper pulp, of paper or of paperboard","Росія",368507,227904
2006,"62","Articles of apparel and clothing accessories, not knitted or crocheted","ЄС",524842,NA
2006,"72","Iron and steel","all",13051226,NA
2006,"72","Iron and steel","ЄС",2653053,NA
2006,"72","Iron and steel","Росія",1479785,877758
2006,"73","Articles of iron or steel","all",2361608,NA
2006,"73","Articles of iron or steel","Росія",1105559,NA
2006,"82","Tools, implements, cutlery, spoons and forks, of base metal; parts thereof of base metal","all",45289,NA
2006,"84","Machinery, mechanical appliances, nuclear reactors, boilers; parts thereof","all",2051504,5191399
2006,"84","Machinery, mechanical appliances, nuclear reactors, boilers; parts thereof","ЄС",263743,2946088
2006,"84","Machinery, mechanical appliances, nuclear reactors, boilers; parts thereof","Росія",1136783,1122767
2006,"85","Electrical machinery and equipment and parts thereof; sound recorders and reproducers, television ...","all",1278980,2682029
2006,"85","Electrical machinery and equipment and parts thereof; sound recorders and reproducers, television ...","ЄС",475618,1645048
2006,"85","Electrical machinery and equipment and parts thereof; sound recorders and reproducers, television ...","Росія",457204,287031
2006,"86","Railway or tramway locomotives, rolling stock and parts thereof; railway or tramway track fixtures ...","all",1066959,NA
2006,"86","Railway or tramway locomotives, rolling stock and parts thereof; railway or tramway track fixtures ...","Росія",744472,NA
2006,"87","Vehicles other than railway or tramway rolling stock, and parts and accessories thereof","all",NA,4898344
2006,"87","Vehicles other than railway or tramway rolling stock, and parts and accessories thereof","ЄС",NA,2178676
2006,"87","Vehicles other than railway or tramway rolling stock, and parts and accessories thereof","Росія",448784,962878
2006,"TOTAL","All products","all",38367609,45021621
2006,"TOTAL","All products","ЄС",10871448,16225966
2006,"TOTAL","All products","Росія",8650700,13787221
2007,"02","Meat and edible meat offal","Росія",95073,NA
2007,"04","Dairy produce; birds' eggs; natural honey; edible products of animal origin, not elsewhere ...","Росія",261334,NA
2007,"10","Cereals","all",763729,NA
2007,"10","Cereals","ЄС",62409,NA
2007,"12","Oil seeds and oleaginous fruits; miscellaneous grains, seeds and fruit; industrial or medicinal ...","ЄС",307427,NA
2007,"15","Animal or vegetable fats and oils and their cleavage products; prepared edible fats; animal ...","all",1717956,NA
2007,"15","Animal or vegetable fats and oils and their cleavage products; prepared edible fats; animal ...","ЄС",808150,NA
2007,"26","Ores, slag and ash","all",1105017,NA
2007,"26","Ores, slag and ash","ЄС",738750,NA
2007,"26","Ores, slag and ash","Росія",NA,183095
2007,"27","Mineral fuels, mineral oils and products of their distillation; bituminous substances; mineral ...","all",2630190,15922986
2007,"27","Mineral fuels, mineral oils and products of their distillation; bituminous substances; mineral ...","ЄС",1462389,985726
2007,"27","Mineral fuels, mineral oils and products of their distillation; bituminous substances; mineral ...","Росія",165263,7881377
2007,"28","Inorganic chemicals; organic or inorganic compounds of precious metals, of rare-earth metals, ...","all",1155770,NA
2007,"28","Inorganic chemicals; organic or inorganic compounds of precious metals, of rare-earth metals, ...","Росія",491498,NA
2007,"29","Organic chemicals","Росія",NA,225878
2007,"30","Pharmaceutical products","all",NA,1931562
2007,"30","Pharmaceutical products","ЄС",NA,1388309
2007,"31","Fertilisers","Росія",NA,217626
2007,"39","Plastics and articles thereof","all",NA,2693595
2007,"39","Plastics and articles thereof","ЄС",NA,1513776
2007,"39","Plastics and articles thereof","Росія",NA,291417
2007,"40","Rubber and articles thereof","Росія",NA,329275
2007,"44","Wood and articles of wood; wood charcoal","ЄС",606458,NA
2007,"48","Paper and paperboard; articles of paper pulp, of paper or of paperboard","all",NA,1317789
2007,"48","Paper and paperboard; articles of paper pulp, of paper or of paperboard","ЄС",NA,915259
2007,"48","Paper and paperboard; articles of paper pulp, of paper or of paperboard","Росія",487588,284915
2007,"62","Articles of apparel and clothing accessories, not knitted or crocheted","ЄС",543732,NA
2007,"72","Iron and steel","all",16733313,NA
2007,"72","Iron and steel","ЄС",3514713,NA
2007,"72","Iron and steel","Росія",2100251,1323048
2007,"73","Articles of iron or steel","all",2912293,NA
2007,"73","Articles of iron or steel","Росія",1317441,NA
2007,"82","Tools, implements, cutlery, spoons and forks, of base metal; parts thereof of base metal","all",59928,NA
2007,"84","Machinery, mechanical appliances, nuclear reactors, boilers; parts thereof","all",2738088,7444096
2007,"84","Machinery, mechanical appliances, nuclear reactors, boilers; parts thereof","ЄС",357744,4330061
2007,"84","Machinery, mechanical appliances, nuclear reactors, boilers; parts thereof","Росія",1538590,1371398
2007,"85","Electrical machinery and equipment and parts thereof; sound recorders and reproducers, television ...","all",2239017,3134512
2007,"85","Electrical machinery and equipment and parts thereof; sound recorders and reproducers, television ...","ЄС",980144,1987646
2007,"85","Electrical machinery and equipment and parts thereof; sound recorders and reproducers, television ...","Росія",787543,375093
2007,"86","Railway or tramway locomotives, rolling stock and parts thereof; railway or tramway track fixtures ...","all",1841160,NA
2007,"86","Railway or tramway locomotives, rolling stock and parts thereof; railway or tramway track fixtures ...","Росія",1434927,NA
2007,"87","Vehicles other than railway or tramway rolling stock, and parts and accessories thereof","all",NA,7770813
2007,"87","Vehicles other than railway or tramway rolling stock, and parts and accessories thereof","ЄС",NA,3360483
2007,"87","Vehicles other than railway or tramway rolling stock, and parts and accessories thereof","Росія",794678,1156602
2007,"TOTAL","All products","all",49294390,60600581
2007,"TOTAL","All products","ЄС",13916379,22270600
2007,"TOTAL","All products","Росія",12668478,16838246
2008,"02","Meat and edible meat offal","Росія",62191,NA
2008,"04","Dairy produce; birds' eggs; natural honey; edible products of animal origin, not elsewhere ...","Росія",376315,NA
2008,"10","Cereals","all",3703787,NA
2008,"10","Cereals","ЄС",962301,NA
2008,"12","Oil seeds and oleaginous fruits; miscellaneous grains, seeds and fruit; industrial or medicinal ...","ЄС",1190594,NA
2008,"15","Animal or vegetable fats and oils and their cleavage products; prepared edible fats; animal ...","all",1945736,NA
2008,"15","Animal or vegetable fats and oils and their cleavage products; prepared edible fats; animal ...","ЄС",658743,NA
2008,"26","Ores, slag and ash","all",2153604,NA
2008,"26","Ores, slag and ash","ЄС",1404692,NA
2008,"26","Ores, slag and ash","Росія",NA,175197
2008,"27","Mineral fuels, mineral oils and products of their distillation; bituminous substances; mineral ...","all",4109201,22831912
2008,"27","Mineral fuels, mineral oils and products of their distillation; bituminous substances; mineral ...","ЄС",1480340,1994469
2008,"27","Mineral fuels, mineral oils and products of their distillation; bituminous substances; mineral ...","Росія",792501,8679217
2008,"28","Inorganic chemicals; organic or inorganic compounds of precious metals, of rare-earth metals, ...","all",1603558,NA
2008,"28","Inorganic chemicals; organic or inorganic compounds of precious metals, of rare-earth metals, ...","Росія",551854,NA
2008,"29","Organic chemicals","Росія",NA,323262
2008,"30","Pharmaceutical products","all",NA,2433183
2008,"30","Pharmaceutical products","ЄС",NA,1694429
2008,"31","Fertilisers","Росія",NA,358951
2008,"39","Plastics and articles thereof","all",NA,3518506
2008,"39","Plastics and articles thereof","ЄС",NA,1887143
2008,"39","Plastics and articles thereof","Росія",NA,350508
2008,"40","Rubber and articles thereof","Росія",NA,329970
2008,"44","Wood and articles of wood; wood charcoal","ЄС",563341,NA
2008,"48","Paper and paperboard; articles of paper pulp, of paper or of paperboard","all",NA,1586447
2008,"48","Paper and paperboard; articles of paper pulp, of paper or of paperboard","ЄС",NA,1164898
2008,"48","Paper and paperboard; articles of paper pulp, of paper or of paperboard","Росія",527138,266433
2008,"62","Articles of apparel and clothing accessories, not knitted or crocheted","ЄС",545011,NA
2008,"72","Iron and steel","all",22954442,NA
2008,"72","Iron and steel","ЄС",5242072,NA
2008,"72","Iron and steel","Росія",2402526,1944285
2008,"73","Articles of iron or steel","all",3532918,NA
2008,"73","Articles of iron or steel","Росія",1185102,NA
2008,"82","Tools, implements, cutlery, spoons and forks, of base metal; parts thereof of base metal","all",61855,NA
2008,"84","Machinery, mechanical appliances, nuclear reactors, boilers; parts thereof","all",3497565,9569984
2008,"84","Machinery, mechanical appliances, nuclear reactors, boilers; parts thereof","ЄС",460102,5173175
2008,"84","Machinery, mechanical appliances, nuclear reactors, boilers; parts thereof","Росія",1963591,1565843
2008,"85","Electrical machinery and equipment and parts thereof; sound recorders and reproducers, television ...","all",2843218,3806980
2008,"85","Electrical machinery and equipment and parts thereof; sound recorders and reproducers, television ...","ЄС",1214622,2187734
2008,"85","Electrical machinery and equipment and parts thereof; sound recorders and reproducers, television ...","Росія",1027618,472882
2008,"86","Railway or tramway locomotives, rolling stock and parts thereof; railway or tramway track fixtures ...","all",2653203,NA
2008,"86","Railway or tramway locomotives, rolling stock and parts thereof; railway or tramway track fixtures ...","Росія",2052455,NA
2008,"87","Vehicles other than railway or tramway rolling stock, and parts and accessories thereof","all",NA,11369306
2008,"87","Vehicles other than railway or tramway rolling stock, and parts and accessories thereof","ЄС",NA,4132384
2008,"87","Vehicles other than railway or tramway rolling stock, and parts and accessories thereof","Росія",891306,1252917
2008,"TOTAL","All products","all",66952306,85448381
2008,"TOTAL","All products","ЄС",18130126,28914577
2008,"TOTAL","All products","Росія",15735242,19413626
2009,"02","Meat and edible meat offal","Росія",59515,NA
2009,"04","Dairy produce; birds' eggs; natural honey; edible products of animal origin, not elsewhere ...","Росія",261538,NA
2009,"10","Cereals","all",3556194,NA
2009,"10","Cereals","ЄС",454272,NA
2009,"12","Oil seeds and oleaginous fruits; miscellaneous grains, seeds and fruit; industrial or medicinal ...","ЄС",759373,NA
2009,"15","Animal or vegetable fats and oils and their cleavage products; prepared edible fats; animal ...","all",1796024,NA
2009,"15","Animal or vegetable fats and oils and their cleavage products; prepared edible fats; animal ...","ЄС",468960,NA
2009,"26","Ores, slag and ash","all",1340149,NA
2009,"26","Ores, slag and ash","ЄС",617752,NA
2009,"26","Ores, slag and ash","Росія",NA,142357
2009,"27","Mineral fuels, mineral oils and products of their distillation; bituminous substances; mineral ...","all",2130781,14638726
2009,"27","Mineral fuels, mineral oils and products of their distillation; bituminous substances; mineral ...","ЄС",593213,786463
2009,"27","Mineral fuels, mineral oils and products of their distillation; bituminous substances; mineral ...","Росія",557335,8191929
2009,"28","Inorganic chemicals; organic or inorganic compounds of precious metals, of rare-earth metals, ...","all",687407,NA
2009,"28","Inorganic chemicals; organic or inorganic compounds of precious metals, of rare-earth metals, ...","Росія",329710,NA
2009,"29","Organic chemicals","Росія",NA,236345
2009,"30","Pharmaceutical products","all",NA,2130331
2009,"30","Pharmaceutical products","ЄС",NA,1504131
2009,"31","Fertilisers","Росія",NA,212399
2009,"39","Plastics and articles thereof","all",NA,2141586
2009,"39","Plastics and articles thereof","ЄС",NA,1216204
2009,"39","Plastics and articles thereof","Росія",NA,260097
2009,"40","Rubber and articles thereof","Росія",NA,189206
2009,"44","Wood and articles of wood; wood charcoal","ЄС",456979,NA
2009,"48","Paper and paperboard; articles of paper pulp, of paper or of paperboard","all",NA,1203079
2009,"48","Paper and paperboard; articles of paper pulp, of paper or of paperboard","ЄС",NA,896413
2009,"48","Paper and paperboard; articles of paper pulp, of paper or of paperboard","Росія",461100,187512
2009,"62","Articles of apparel and clothing accessories, not knitted or crocheted","ЄС",416954,NA
2009,"72","Iron and steel","all",10251340,NA
2009,"72","Iron and steel","ЄС",1677593,NA
2009,"72","Iron and steel","Росія",956663,459006
2009,"73","Articles of iron or steel","all",1946955,NA
2009,"73","Articles of iron or steel","Росія",538183,NA
2009,"82","Tools, implements, cutlery, spoons and forks, of base metal; parts thereof of base metal","all",36878,NA
2009,"84","Machinery, mechanical appliances, nuclear reactors, boilers; parts thereof","all",2786782,3945358
2009,"84","Machinery, mechanical appliances, nuclear reactors, boilers; parts thereof","ЄС",415793,2202464
2009,"84","Machinery, mechanical appliances, nuclear reactors, boilers; parts thereof","Росія",1372675,801092
2009,"85","Electrical machinery and equipment and parts thereof; sound recorders and reproducers, television ...","all",2226698,2309256
2009,"85","Electrical machinery and equipment and parts thereof; sound recorders and reproducers, television ...","ЄС",1022210,1319887
2009,"85","Electrical machinery and equipment and parts thereof; sound recorders and reproducers, television ...","Росія",668130,214900
2009,"86","Railway or tramway locomotives, rolling stock and parts thereof; railway or tramway track fixtures ...","all",777063,NA
2009,"86","Railway or tramway locomotives, rolling stock and parts thereof; railway or tramway track fixtures ...","Росія",436230,NA
2009,"87","Vehicles other than railway or tramway rolling stock, and parts and accessories thereof","all",NA,1963192
2009,"87","Vehicles other than railway or tramway rolling stock, and parts and accessories thereof","ЄС",NA,844303
2009,"87","Vehicles other than railway or tramway rolling stock, and parts and accessories thereof","Росія",201084,216995
2009,"TOTAL","All products","all",39695648,45412944
2009,"TOTAL","All products","ЄС",9505188,15422914
2009,"TOTAL","All products","Росія",8494861,13235749
2010,"02","Meat and edible meat offal","Росія",46545,NA
2010,"04","Dairy produce; birds' eggs; natural honey; edible products of animal origin, not elsewhere ...","Росія",400274,NA
2010,"10","Cereals","all",2467061,NA
2010,"10","Cereals","ЄС",158121,NA
2010,"12","Oil seeds and oleaginous fruits; miscellaneous grains, seeds and fruit; industrial or medicinal ...","ЄС",704950,NA
2010,"15","Animal or vegetable fats and oils and their cleavage products; prepared edible fats; animal ...","all",2617314,NA
2010,"15","Animal or vegetable fats and oils and their cleavage products; prepared edible fats; animal ...","ЄС",631932,NA
2010,"26","Ores, slag and ash","all",2576162,NA
2010,"26","Ores, slag and ash","ЄС",1416406,NA
2010,"26","Ores, slag and ash","Росія",NA,169522
2010,"27","Mineral fuels, mineral oils and products of their distillation; bituminous substances; mineral ...","all",3661425,19602725
2010,"27","Mineral fuels, mineral oils and products of their distillation; bituminous substances; mineral ...","ЄС",887951,1221349
2010,"27","Mineral fuels, mineral oils and products of their distillation; bituminous substances; mineral ...","Росія",1277688,14798677
2010,"28","Inorganic chemicals; organic or inorganic compounds of precious metals, of rare-earth metals, ...","all",1129361,NA
2010,"28","Inorganic chemicals; organic or inorganic compounds of precious metals, of rare-earth metals, ...","Росія",442890,NA
2010,"29","Organic chemicals","Росія",NA,184906
2010,"30","Pharmaceutical products","all",NA,2445836
2010,"30","Pharmaceutical products","ЄС",NA,1652674
2010,"31","Fertilisers","Росія",NA,302805
2010,"39","Plastics and articles thereof","all",NA,2867181
2010,"39","Plastics and articles thereof","ЄС",NA,1560055
2010,"39","Plastics and articles thereof","Росія",NA,345024
2010,"40","Rubber and articles thereof","Росія",NA,274569
2010,"44","Wood and articles of wood; wood charcoal","ЄС",513178,NA
2010,"48","Paper and paperboard; articles of paper pulp, of paper or of paperboard","all",NA,1438617
2010,"48","Paper and paperboard; articles of paper pulp, of paper or of paperboard","ЄС",NA,1008665
2010,"48","Paper and paperboard; articles of paper pulp, of paper or of paperboard","Росія",580307,253897
2010,"62","Articles of apparel and clothing accessories, not knitted or crocheted","ЄС",405454,NA
2010,"72","Iron and steel","all",14626509,NA
2010,"72","Iron and steel","ЄС",3826343,NA
2010,"72","Iron and steel","Росія",1618693,1016278
2010,"73","Articles of iron or steel","all",1993668,NA
2010,"73","Articles of iron or steel","Росія",943329,NA
2010,"82","Tools, implements, cutlery, spoons and forks, of base metal; parts thereof of base metal","all",33498,NA
2010,"84","Machinery, mechanical appliances, nuclear reactors, boilers; parts thereof","all",3135300,4563802
2010,"84","Machinery, mechanical appliances, nuclear reactors, boilers; parts thereof","ЄС",386715,2112028
2010,"84","Machinery, mechanical appliances, nuclear reactors, boilers; parts thereof","Росія",1647529,1142504
2010,"85","Electrical machinery and equipment and parts thereof; sound recorders and reproducers, television ...","all",2535091,3603172
2010,"85","Electrical machinery and equipment and parts thereof; sound recorders and reproducers, television ...","ЄС",1236688,1785378
2010,"85","Electrical machinery and equipment and parts thereof; sound recorders and reproducers, television ...","Росія",776808,483637
2010,"86","Railway or tramway locomotives, rolling stock and parts thereof; railway or tramway track fixtures ...","all",2400884,NA
2010,"86","Railway or tramway locomotives, rolling stock and parts thereof; railway or tramway track fixtures ...","Росія",1945105,NA
2010,"87","Vehicles other than railway or tramway rolling stock, and parts and accessories thereof","all",NA,3320611
2010,"87","Vehicles other than railway or tramway rolling stock, and parts and accessories thereof","ЄС",NA,1515018
2010,"87","Vehicles other than railway or tramway rolling stock, and parts and accessories thereof","Росія",349527,328601
2010,"TOTAL","All products","all",51430286,60737135
2010,"TOTAL","All products","ЄС",13062567,19150331
2010,"TOTAL","All products","Росія",13431880,22198006
2011,"02","Meat and edible meat offal","Росія",125510,NA
2011,"04","Dairy produce; birds' eggs; natural honey; edible products of animal origin, not elsewhere ...","Росія",443190,NA
2011,"10","Cereals","all",3617212,NA
2011,"10","Cereals","ЄС",1031619,NA
2011,"12","Oil seeds and oleaginous fruits; miscellaneous grains, seeds and fruit; industrial or medicinal ...","ЄС",920553,NA
2011,"15","Animal or vegetable fats and oils and their cleavage products; prepared edible fats; animal ...","all",3396407,NA
2011,"15","Animal or vegetable fats and oils and their cleavage products; prepared edible fats; animal ...","ЄС",666415,NA
2011,"26","Ores, slag and ash","all",3916700,NA
2011,"26","Ores, slag and ash","ЄС",1873444,NA
2011,"26","Ores, slag and ash","Росія",NA,175961
2011,"27","Mineral fuels, mineral oils and products of their distillation; bituminous substances; mineral ...","all",5691064,28605294
2011,"27","Mineral fuels, mineral oils and products of their distillation; bituminous substances; mineral ...","ЄС",1484227,1748149
2011,"27","Mineral fuels, mineral oils and products of their distillation; bituminous substances; mineral ...","Росія",2786695,19697231
2011,"28","Inorganic chemicals; organic or inorganic compounds of precious metals, of rare-earth metals, ...","all",1793967,NA
2011,"28","Inorganic chemicals; organic or inorganic compounds of precious metals, of rare-earth metals, ...","Росія",791836,NA
2011,"29","Organic chemicals","Росія",NA,405042
2011,"30","Pharmaceutical products","all",NA,2878998
2011,"30","Pharmaceutical products","ЄС",NA,2006086
2011,"31","Fertilisers","Росія",NA,482558
2011,"39","Plastics and articles thereof","all",NA,3413556
2011,"39","Plastics and articles thereof","ЄС",NA,1793590
2011,"39","Plastics and articles thereof","Росія",NA,432642
2011,"40","Rubber and articles thereof","Росія",NA,360904
2011,"44","Wood and articles of wood; wood charcoal","ЄС",628331,NA
2011,"48","Paper and paperboard; articles of paper pulp, of paper or of paperboard","all",NA,1582569
2011,"48","Paper and paperboard; articles of paper pulp, of paper or of paperboard","ЄС",NA,1084044
2011,"48","Paper and paperboard; articles of paper pulp, of paper or of paperboard","Росія",679983,274938
2011,"62","Articles of apparel and clothing accessories, not knitted or crocheted","ЄС",462035,NA
2011,"72","Iron and steel","all",18464947,NA
2011,"72","Iron and steel","ЄС",5304242,NA
2011,"72","Iron and steel","Росія",2428316,1277519
2011,"73","Articles of iron or steel","all",2844389,NA
2011,"73","Articles of iron or steel","Росія",1393812,NA
2011,"82","Tools, implements, cutlery, spoons and forks, of base metal; parts thereof of base metal","all",38502,NA
2011,"84","Machinery, mechanical appliances, nuclear reactors, boilers; parts thereof","all",3569917,7112669
2011,"84","Machinery, mechanical appliances, nuclear reactors, boilers; parts thereof","ЄС",372862,3830871
2011,"84","Machinery, mechanical appliances, nuclear reactors, boilers; parts thereof","Росія",2186910,1245233
2011,"85","Electrical machinery and equipment and parts thereof; sound recorders and reproducers, television ...","all",3189195,5682729
2011,"85","Electrical machinery and equipment and parts thereof; sound recorders and reproducers, television ...","ЄС",1553825,2379806
2011,"85","Electrical machinery and equipment and parts thereof; sound recorders and reproducers, television ...","Росія",1056504,688106
2011,"86","Railway or tramway locomotives, rolling stock and parts thereof; railway or tramway track fixtures ...","all",3806716,NA
2011,"86","Railway or tramway locomotives, rolling stock and parts thereof; railway or tramway track fixtures ...","Росія",3194447,NA
2011,"87","Vehicles other than railway or tramway rolling stock, and parts and accessories thereof","all",NA,5443521
2011,"87","Vehicles other than railway or tramway rolling stock, and parts and accessories thereof","ЄС",NA,2489890
2011,"87","Vehicles other than railway or tramway rolling stock, and parts and accessories thereof","Росія",491170,615212
2011,"TOTAL","All products","all",68393034,82607537
2011,"TOTAL","All products","ЄС",17970947,25807587
2011,"TOTAL","All products","Росія",19819713,29132198
2012,"02","Meat and edible meat offal","Росія",227287,NA
2012,"04","Dairy produce; birds' eggs; natural honey; edible products of animal origin, not elsewhere ...","Росія",356043,NA
2012,"10","Cereals","all",6971048,NA
2012,"10","Cereals","ЄС",1981011,NA
2012,"12","Oil seeds and oleaginous fruits; miscellaneous grains, seeds and fruit; industrial or medicinal ...","ЄС",1228878,NA
2012,"15","Animal or vegetable fats and oils and their cleavage products; prepared edible fats; animal ...","all",4171076,NA
2012,"15","Animal or vegetable fats and oils and their cleavage products; prepared edible fats; animal ...","ЄС",818356,NA
2012,"26","Ores, slag and ash","all",3306148,NA
2012,"26","Ores, slag and ash","ЄС",1615762,NA
2012,"26","Ores, slag and ash","Росія",NA,253917
2012,"27","Mineral fuels, mineral oils and products of their distillation; bituminous substances; mineral ...","all",3639728,26192813
2012,"27","Mineral fuels, mineral oils and products of their distillation; bituminous substances; mineral ...","ЄС",1167160,1955526
2012,"27","Mineral fuels, mineral oils and products of their distillation; bituminous substances; mineral ...","Росія",796571,17989049
2012,"28","Inorganic chemicals; organic or inorganic compounds of precious metals, of rare-earth metals, ...","all",1695440,NA
2012,"28","Inorganic chemicals; organic or inorganic compounds of precious metals, of rare-earth metals, ...","Росія",822857,NA
2012,"29","Organic chemicals","Росія",NA,373232
2012,"30","Pharmaceutical products","all",NA,3307942
2012,"30","Pharmaceutical products","ЄС",NA,2198172
2012,"31","Fertilisers","Росія",NA,552744
2012,"39","Plastics and articles thereof","all",NA,3413971
2012,"39","Plastics and articles thereof","ЄС",NA,1775084
2012,"39","Plastics and articles thereof","Росія",NA,402301
2012,"40","Rubber and articles thereof","Росія",NA,303133
2012,"44","Wood and articles of wood; wood charcoal","ЄС",557224,NA
2012,"48","Paper and paperboard; articles of paper pulp, of paper or of paperboard","all",NA,1575419
2012,"48","Paper and paperboard; articles of paper pulp, of paper or of paperboard","ЄС",NA,1066584
2012,"48","Paper and paperboard; articles of paper pulp, of paper or of paperboard","Росія",724820,307522
2012,"62","Articles of apparel and clothing accessories, not knitted or crocheted","ЄС",378190,NA
2012,"72","Iron and steel","all",15328328,NA
2012,"72","Iron and steel","ЄС",3564388,NA
2012,"72","Iron and steel","Росія",2328945,1105491
2012,"73","Articles of iron or steel","all",2837032,NA
2012,"73","Articles of iron or steel","Росія",1110105,NA
2012,"82","Tools, implements, cutlery, spoons and forks, of base metal; parts thereof of base metal","all",34071,NA
2012,"84","Machinery, mechanical appliances, nuclear reactors, boilers; parts thereof","all",3786973,7226765
2012,"84","Machinery, mechanical appliances, nuclear reactors, boilers; parts thereof","ЄС",365830,3652527
2012,"84","Machinery, mechanical appliances, nuclear reactors, boilers; parts thereof","Росія",2270638,1310155
2012,"85","Electrical machinery and equipment and parts thereof; sound recorders and reproducers, television ...","all",3230868,5951705
2012,"85","Electrical machinery and equipment and parts thereof; sound recorders and reproducers, television ...","ЄС",1496694,1914096
2012,"85","Electrical machinery and equipment and parts thereof; sound recorders and reproducers, television ...","Росія",1159666,728642
2012,"86","Railway or tramway locomotives, rolling stock and parts thereof; railway or tramway track fixtures ...","all",4107183,NA
2012,"86","Railway or tramway locomotives, rolling stock and parts thereof; railway or tramway track fixtures ...","Росія",2635581,NA
2012,"87","Vehicles other than railway or tramway rolling stock, and parts and accessories thereof","all",NA,5948616
2012,"87","Vehicles other than railway or tramway rolling stock, and parts and accessories thereof","ЄС",NA,2989397
2012,"87","Vehicles other than railway or tramway rolling stock, and parts and accessories thereof","Росія",431241,553374
2012,"TOTAL","All products","all",68694495,84656667
2012,"TOTAL","All products","ЄС",17083073,26228974
2012,"TOTAL","All products","Росія",17631749,27418296
2013,"02","Meat and edible meat offal","Росія",159895,NA
2013,"04","Dairy produce; birds' eggs; natural honey; edible products of animal origin, not elsewhere ...","Росія",381851,NA
2013,"10","Cereals","all",6371335,NA
2013,"10","Cereals","ЄС",1722594,NA
2013,"12","Oil seeds and oleaginous fruits; miscellaneous grains, seeds and fruit; industrial or medicinal ...","ЄС",1249694,NA
2013,"15","Animal or vegetable fats and oils and their cleavage products; prepared edible fats; animal ...","all",3507076,NA
2013,"15","Animal or vegetable fats and oils and their cleavage products; prepared edible fats; animal ...","ЄС",503499,NA
2013,"26","Ores, slag and ash","all",3917529,NA
2013,"26","Ores, slag and ash","ЄС",1758969,NA
2013,"26","Ores, slag and ash","Росія",NA,256693
2013,"27","Mineral fuels, mineral oils and products of their distillation; bituminous substances; mineral ...","all",2865375,21236944
2013,"27","Mineral fuels, mineral oils and products of their distillation; bituminous substances; mineral ...","ЄС",1048491,3018374
2013,"27","Mineral fuels, mineral oils and products of their distillation; bituminous substances; mineral ...","Росія",216750,14459400
2013,"28","Inorganic chemicals; organic or inorganic compounds of precious metals, of rare-earth metals, ...","all",1744303,NA
2013,"28","Inorganic chemicals; organic or inorganic compounds of precious metals, of rare-earth metals, ...","Росія",908889,NA
2013,"29","Organic chemicals","Росія",NA,191930
2013,"30","Pharmaceutical products","all",NA,3100812
2013,"30","Pharmaceutical products","ЄС",NA,2320096
2013,"31","Fertilisers","Росія",NA,600766
2013,"39","Plastics and articles thereof","all",NA,3553511
2013,"39","Plastics and articles thereof","ЄС",NA,1786611
2013,"39","Plastics and articles thereof","Росія",NA,490817
2013,"40","Rubber and articles thereof","Росія",NA,280823
2013,"44","Wood and articles of wood; wood charcoal","ЄС",611609,NA
2013,"48","Paper and paperboard; articles of paper pulp, of paper or of paperboard","all",NA,1684733
2013,"48","Paper and paperboard; articles of paper pulp, of paper or of paperboard","ЄС",NA,1139470
2013,"48","Paper and paperboard; articles of paper pulp, of paper or of paperboard","Росія",769778,325463
2013,"62","Articles of apparel and clothing accessories, not knitted or crocheted","ЄС",382181,NA
2013,"72","Iron and steel","all",14319265,NA
2013,"72","Iron and steel","ЄС",4061019,NA
2013,"72","Iron and steel","Росія",2162402,814810
2013,"73","Articles of iron or steel","all",2590151,NA
2013,"73","Articles of iron or steel","Росія",843753,NA
2013,"82","Tools, implements, cutlery, spoons and forks, of base metal; parts thereof of base metal","all",40739,NA
2013,"84","Machinery, mechanical appliances, nuclear reactors, boilers; parts thereof","all",3840461,6910562
2013,"84","Machinery, mechanical appliances, nuclear reactors, boilers; parts thereof","ЄС",419348,3414545
2013,"84","Machinery, mechanical appliances, nuclear reactors, boilers; parts thereof","Росія",2222022,1241122
2013,"85","Electrical machinery and equipment and parts thereof; sound recorders and reproducers, television ...","all",3134059,5559331
2013,"85","Electrical machinery and equipment and parts thereof; sound recorders and reproducers, television ...","ЄС",1501637,1874158
2013,"85","Electrical machinery and equipment and parts thereof; sound recorders and reproducers, television ...","Росія",1101177,786975
2013,"86","Railway or tramway locomotives, rolling stock and parts thereof; railway or tramway track fixtures ...","all",2463153,NA
2013,"86","Railway or tramway locomotives, rolling stock and parts thereof; railway or tramway track fixtures ...","Росія",1743398,NA
2013,"87","Vehicles other than railway or tramway rolling stock, and parts and accessories thereof","all",NA,5444148
2013,"87","Vehicles other than railway or tramway rolling stock, and parts and accessories thereof","ЄС",NA,2756661
2013,"87","Vehicles other than railway or tramway rolling stock, and parts and accessories thereof","Росія",191601,430829
2013,"TOTAL","All products","all",63320469,76986013
2013,"TOTAL","All products","ЄС",16764059,27047570
2013,"TOTAL","All products","Росія",15077259,23243994
2014,"02","Meat and edible meat offal","Росія",71076,NA
2014,"04","Dairy produce; birds' eggs; natural honey; edible products of animal origin, not elsewhere ...","Росія",121957,NA
2014,"10","Cereals","all",6544132,NA
2014,"10","Cereals","ЄС",1805433,NA
2014,"12","Oil seeds and oleaginous fruits; miscellaneous grains, seeds and fruit; industrial or medicinal ...","ЄС",921168,NA
2014,"15","Animal or vegetable fats and oils and their cleavage products; prepared edible fats; animal ...","all",3823672,NA
2014,"15","Animal or vegetable fats and oils and their cleavage products; prepared edible fats; animal ...","ЄС",794755,NA
2014,"26","Ores, slag and ash","all",3472393,NA
2014,"26","Ores, slag and ash","ЄС",1582134,NA
2014,"26","Ores, slag and ash","Росія",NA,252003
2014,"27","Mineral fuels, mineral oils and products of their distillation; bituminous substances; mineral ...","all",2012699,15116382
2014,"27","Mineral fuels, mineral oils and products of their distillation; bituminous substances; mineral ...","ЄС",1030384,3790145
2014,"27","Mineral fuels, mineral oils and products of their distillation; bituminous substances; mineral ...","Росія",151630,6732344
2014,"28","Inorganic chemicals; organic or inorganic compounds of precious metals, of rare-earth metals, ...","all",1178241,NA
2014,"28","Inorganic chemicals; organic or inorganic compounds of precious metals, of rare-earth metals, ...","Росія",735768,NA
2014,"29","Organic chemicals","Росія",NA,173742
2014,"30","Pharmaceutical products","all",NA,2472769
2014,"30","Pharmaceutical products","ЄС",NA,1826235
2014,"31","Fertilisers","Росія",NA,469680
2014,"39","Plastics and articles thereof","all",NA,2922535
2014,"39","Plastics and articles thereof","ЄС",NA,1468074
2014,"39","Plastics and articles thereof","Росія",NA,364753
2014,"40","Rubber and articles thereof","Росія",NA,152262
2014,"44","Wood and articles of wood; wood charcoal","ЄС",744855,NA
2014,"48","Paper and paperboard; articles of paper pulp, of paper or of paperboard","all",NA,1102853
2014,"48","Paper and paperboard; articles of paper pulp, of paper or of paperboard","ЄС",NA,743910
2014,"48","Paper and paperboard; articles of paper pulp, of paper or of paperboard","Росія",584503,200802
2014,"62","Articles of apparel and clothing accessories, not knitted or crocheted","ЄС",396345,NA
2014,"72","Iron and steel","all",12907071,NA
2014,"72","Iron and steel","ЄС",3891383,NA
2014,"72","Iron and steel","Росія",1441388,433751
2014,"73","Articles of iron or steel","all",1695819,NA
2014,"73","Articles of iron or steel","Росія",617479,NA
2014,"82","Tools, implements, cutlery, spoons and forks, of base metal; parts thereof of base metal","all",23987,NA
2014,"84","Machinery, mechanical appliances, nuclear reactors, boilers; parts thereof","all",2977213,4913611
2014,"84","Machinery, mechanical appliances, nuclear reactors, boilers; parts thereof","ЄС",422574,2277818
2014,"84","Machinery, mechanical appliances, nuclear reactors, boilers; parts thereof","Росія",1678222,935086
2014,"85","Electrical machinery and equipment and parts thereof; sound recorders and reproducers, television ...","all",2682123,3806357
2014,"85","Electrical machinery and equipment and parts thereof; sound recorders and reproducers, television ...","ЄС",1649745,1403377
2014,"85","Electrical machinery and equipment and parts thereof; sound recorders and reproducers, television ...","Росія",671983,506559
2014,"86","Railway or tramway locomotives, rolling stock and parts thereof; railway or tramway track fixtures ...","all",839353,NA
2014,"86","Railway or tramway locomotives, rolling stock and parts thereof; railway or tramway track fixtures ...","Росія",601406,NA
2014,"87","Vehicles other than railway or tramway rolling stock, and parts and accessories thereof","all",NA,2450830
2014,"87","Vehicles other than railway or tramway rolling stock, and parts and accessories thereof","ЄС",NA,1198834
2014,"87","Vehicles other than railway or tramway rolling stock, and parts and accessories thereof","Росія",129052,89120
2014,"TOTAL","All products","all",53913302,54381409
2014,"TOTAL","All products","ЄС",17009278,21060616
2014,"TOTAL","All products","Росія",9799144,12678683
2015,"02","Meat and edible meat offal","Росія",125420,NA
2015,"04","Dairy produce; birds' eggs; natural honey; edible products of animal origin, not elsewhere ...","Росія",9772,NA
2015,"10","Cereals","all",6057490,NA
2015,"10","Cereals","ЄС",1625848,NA
2015,"12","Oil seeds and oleaginous fruits; miscellaneous grains, seeds and fruit; industrial or medicinal ...","ЄС",647179,NA
2015,"15","Animal or vegetable fats and oils and their cleavage products; prepared edible fats; animal ...","all",3299799,NA
2015,"15","Animal or vegetable fats and oils and their cleavage products; prepared edible fats; animal ...","ЄС",678676,NA
2015,"26","Ores, slag and ash","all",2216459,NA
2015,"26","Ores, slag and ash","ЄС",962543,NA
2015,"26","Ores, slag and ash","Росія",NA,143717
2015,"27","Mineral fuels, mineral oils and products of their distillation; bituminous substances; mineral ...","all",488016,10882446
2015,"27","Mineral fuels, mineral oils and products of their distillation; bituminous substances; mineral ...","ЄС",360302,3404166
2015,"27","Mineral fuels, mineral oils and products of their distillation; bituminous substances; mineral ...","Росія",49957,3713602
2015,"28","Inorganic chemicals; organic or inorganic compounds of precious metals, of rare-earth metals, ...","all",967422,NA
2015,"28","Inorganic chemicals; organic or inorganic compounds of precious metals, of rare-earth metals, ...","Росія",609894,NA
2015,"29","Organic chemicals","Росія",NA,118218
2015,"30","Pharmaceutical products","all",NA,1367034
2015,"30","Pharmaceutical products","ЄС",NA,988855
2015,"31","Fertilisers","Росія",NA,522935
2015,"39","Plastics and articles thereof","all",NA,2092953
2015,"39","Plastics and articles thereof","ЄС",NA,1086661
2015,"39","Plastics and articles thereof","Росія",NA,289850
2015,"40","Rubber and articles thereof","Росія",NA,102961
2015,"44","Wood and articles of wood; wood charcoal","ЄС",712685,NA
2015,"48","Paper and paperboard; articles of paper pulp, of paper or of paperboard","all",NA,751998
2015,"48","Paper and paperboard; articles of paper pulp, of paper or of paperboard","ЄС",NA,521506
2015,"48","Paper and paperboard; articles of paper pulp, of paper or of paperboard","Росія",319198,137252
2015,"62","Articles of apparel and clothing accessories, not knitted or crocheted","ЄС",321210,NA
2015,"72","Iron and steel","all",8077621,NA
2015,"72","Iron and steel","ЄС",2623447,NA
2015,"72","Iron and steel","Росія",776456,203063
2015,"73","Articles of iron or steel","all",916985,NA
2015,"73","Articles of iron or steel","Росія",253620,NA
2015,"82","Tools, implements, cutlery, spoons and forks, of base metal; parts thereof of base metal","all",17924,NA
2015,"84","Machinery, mechanical appliances, nuclear reactors, boilers; parts thereof","all",1961642,3578204
2015,"84","Machinery, mechanical appliances, nuclear reactors, boilers; parts thereof","ЄС",363225,1570392
2015,"84","Machinery, mechanical appliances, nuclear reactors, boilers; parts thereof","Росія",900582,800028
2015,"85","Electrical machinery and equipment and parts thereof; sound recorders and reproducers, television ...","all",1979214,2695165
2015,"85","Electrical machinery and equipment and parts thereof; sound recorders and reproducers, television ...","ЄС",1434077,1093112
2015,"85","Electrical machinery and equipment and parts thereof; sound recorders and reproducers, television ...","Росія",254703,153193
2015,"86","Railway or tramway locomotives, rolling stock and parts thereof; railway or tramway track fixtures ...","all",210822,NA
2015,"86","Railway or tramway locomotives, rolling stock and parts thereof; railway or tramway track fixtures ...","Росія",110065,NA
2015,"87","Vehicles other than railway or tramway rolling stock, and parts and accessories thereof","all",NA,1619874
2015,"87","Vehicles other than railway or tramway rolling stock, and parts and accessories thereof","ЄС",NA,829454
2015,"87","Vehicles other than railway or tramway rolling stock, and parts and accessories thereof","Росія",58522,68337
2015,"TOTAL","All products","all",38127040,37516153
2015,"TOTAL","All products","ЄС",13019306,15330722
2015,"TOTAL","All products","Росія",4827718,7492718
2016,"02","Meat and edible meat offal","Росія",10,NA
2016,"04","Dairy produce; birds' eggs; natural honey; edible products of animal origin, not elsewhere ...","Росія",5,NA
2016,"10","Cereals","all",6073915,NA
2016,"10","Cereals","ЄС",1278399,NA
2016,"12","Oil seeds and oleaginous fruits; miscellaneous grains, seeds and fruit; industrial or medicinal ...","ЄС",608342,NA
2016,"15","Animal or vegetable fats and oils and their cleavage products; prepared edible fats; animal ...","all",3962969,NA
2016,"15","Animal or vegetable fats and oils and their cleavage products; prepared edible fats; animal ...","ЄС",1208433,NA
2016,"26","Ores, slag and ash","all",1954649,NA
2016,"26","Ores, slag and ash","ЄС",963318,NA
2016,"26","Ores, slag and ash","Росія",NA,101087
2016,"27","Mineral fuels, mineral oils and products of their distillation; bituminous substances; mineral ...","all",446457,7851500
2016,"27","Mineral fuels, mineral oils and products of their distillation; bituminous substances; mineral ...","ЄС",342740,2539507
2016,"27","Mineral fuels, mineral oils and products of their distillation; bituminous substances; mineral ...","Росія",40687,1867492
2016,"28","Inorganic chemicals; organic or inorganic compounds of precious metals, of rare-earth metals, ...","all",631092,NA
2016,"28","Inorganic chemicals; organic or inorganic compounds of precious metals, of rare-earth metals, ...","Росія",505119,NA
2016,"29","Organic chemicals","Росія",NA,70119
2016,"30","Pharmaceutical products","all",NA,1606956
2016,"30","Pharmaceutical products","ЄС",NA,1136480
2016,"31","Fertilisers","Росія",NA,551787
2016,"39","Plastics and articles thereof","all",NA,2201118
2016,"39","Plastics and articles thereof","ЄС",NA,1120006
2016,"39","Plastics and articles thereof","Росія",NA,236872
2016,"40","Rubber and articles thereof","Росія",NA,121097
2016,"44","Wood and articles of wood; wood charcoal","ЄС",784144,NA
2016,"48","Paper and paperboard; articles of paper pulp, of paper or of paperboard","all",NA,798754
2016,"48","Paper and paperboard; articles of paper pulp, of paper or of paperboard","ЄС",NA,547999
2016,"48","Paper and paperboard; articles of paper pulp, of paper or of paperboard","Росія",230296,143778
2016,"62","Articles of apparel and clothing accessories, not knitted or crocheted","ЄС",345382,NA
2016,"72","Iron and steel","all",7247249,NA
2016,"72","Iron and steel","ЄС",2683261,NA
2016,"72","Iron and steel","Росія",688590,250473
2016,"73","Articles of iron or steel","all",689794,NA
2016,"73","Articles of iron or steel","Росія",204630,NA
2016,"82","Tools, implements, cutlery, spoons and forks, of base metal; parts thereof of base metal","all",17305,NA
2016,"84","Machinery, mechanical appliances, nuclear reactors, boilers; parts thereof","all",1561255,4686129
2016,"84","Machinery, mechanical appliances, nuclear reactors, boilers; parts thereof","ЄС",366176,2409902
2016,"84","Machinery, mechanical appliances, nuclear reactors, boilers; parts thereof","Росія",642870,585075
2016,"85","Electrical machinery and equipment and parts thereof; sound recorders and reproducers, television ...","all",2076690,3203225
2016,"85","Electrical machinery and equipment and parts thereof; sound recorders and reproducers, television ...","ЄС",1612664,1214881
2016,"85","Electrical machinery and equipment and parts thereof; sound recorders and reproducers, television ...","Росія",174197,128525
2016,"86","Railway or tramway locomotives, rolling stock and parts thereof; railway or tramway track fixtures ...","all",237776,NA
2016,"86","Railway or tramway locomotives, rolling stock and parts thereof; railway or tramway track fixtures ...","Росія",111631,NA
2016,"87","Vehicles other than railway or tramway rolling stock, and parts and accessories thereof","all",NA,2814020
2016,"87","Vehicles other than railway or tramway rolling stock, and parts and accessories thereof","ЄС",NA,1457074
2016,"87","Vehicles other than railway or tramway rolling stock, and parts and accessories thereof","Росія",41489,112814
2016,"TOTAL","All products","all",36361032,39249626
2016,"TOTAL","All products","ЄС",13504037,17141352
2016,"TOTAL","All products","Росія",3592866,5149313
2017,"02","Meat and edible meat offal","Росія",10,NA
2017,"04","Dairy produce; birds' eggs; natural honey; edible products of animal origin, not elsewhere ...","Росія",6,NA
2017,"10","Cereals","all",6501877,NA
2017,"10","Cereals","ЄС",1709798,NA
2017,"12","Oil seeds and oleaginous fruits; miscellaneous grains, seeds and fruit; industrial or medicinal ...","ЄС",1095991,NA
2017,"15","Animal or vegetable fats and oils and their cleavage products; prepared edible fats; animal ...","all",4612615,NA
2017,"15","Animal or vegetable fats and oils and their cleavage products; prepared edible fats; animal ...","ЄС",1484333,NA
2017,"26","Ores, slag and ash","all",2736137,NA
2017,"26","Ores, slag and ash","ЄС",1544919,NA
2017,"26","Ores, slag and ash","Росія",NA,73261
2017,"27","Mineral fuels, mineral oils and products of their distillation; bituminous substances; mineral ...","all",790374,11559446
2017,"27","Mineral fuels, mineral oils and products of their distillation; bituminous substances; mineral ...","ЄС",531390,2930641
2017,"27","Mineral fuels, mineral oils and products of their distillation; bituminous substances; mineral ...","Росія",111893,3326897
2017,"28","Inorganic chemicals; organic or inorganic compounds of precious metals, of rare-earth metals, ...","all",780581,NA
2017,"28","Inorganic chemicals; organic or inorganic compounds of precious metals, of rare-earth metals, ...","Росія",611037,NA
2017,"29","Organic chemicals","Росія",NA,106865
2017,"30","Pharmaceutical products","all",NA,1767339
2017,"30","Pharmaceutical products","ЄС",NA,1291556
2017,"31","Fertilisers","Росія",NA,701415
2017,"39","Plastics and articles thereof","all",NA,2458931
2017,"39","Plastics and articles thereof","ЄС",NA,1273497
2017,"39","Plastics and articles thereof","Росія",NA,295789
2017,"40","Rubber and articles thereof","Росія",NA,142690
2017,"44","Wood and articles of wood; wood charcoal","ЄС",834502,NA
2017,"48","Paper and paperboard; articles of paper pulp, of paper or of paperboard","all",NA,813257
2017,"48","Paper and paperboard; articles of paper pulp, of paper or of paperboard","ЄС",NA,558123
2017,"48","Paper and paperboard; articles of paper pulp, of paper or of paperboard","Росія",179616,133962
2017,"62","Articles of apparel and clothing accessories, not knitted or crocheted","ЄС",368961,NA
2017,"72","Iron and steel","all",8667345,NA
2017,"72","Iron and steel","ЄС",3192154,NA
2017,"72","Iron and steel","Росія",723740,336767
2017,"73","Articles of iron or steel","all",894806,NA
2017,"73","Articles of iron or steel","Росія",224206,NA
2017,"82","Tools, implements, cutlery, spoons and forks, of base metal; parts thereof of base metal","all",21451,NA
2017,"84","Machinery, mechanical appliances, nuclear reactors, boilers; parts thereof","all",1693407,5691054
2017,"84","Machinery, mechanical appliances, nuclear reactors, boilers; parts thereof","ЄС",450997,2915555
2017,"84","Machinery, mechanical appliances, nuclear reactors, boilers; parts thereof","Росія",663519,584076
2017,"85","Electrical machinery and equipment and parts thereof; sound recorders and reproducers, television ...","all",2548237,4125698
2017,"85","Electrical machinery and equipment and parts thereof; sound recorders and reproducers, television ...","ЄС",2043312,1574136
2017,"85","Electrical machinery and equipment and parts thereof; sound recorders and reproducers, television ...","Росія",175858,145032
2017,"86","Railway or tramway locomotives, rolling stock and parts thereof; railway or tramway track fixtures ...","all",243911,NA
2017,"86","Railway or tramway locomotives, rolling stock and parts thereof; railway or tramway track fixtures ...","Росія",149604,NA
2017,"87","Vehicles other than railway or tramway rolling stock, and parts and accessories thereof","all",NA,3950929
2017,"87","Vehicles other than railway or tramway rolling stock, and parts and accessories thereof","ЄС",NA,1770712
2017,"87","Vehicles other than railway or tramway rolling stock, and parts and accessories thereof","Росія",58171,96574
2017,"TOTAL","All products","all",43428391,49439156
2017,"TOTAL","All products","ЄС",17555946,20255357
2017,"TOTAL","All products","Росія",3943218,7196562
2018,"02","Meat and edible meat offal","Росія",9,NA
2018,"04","Dairy produce; birds' eggs; natural honey; edible products of animal origin, not elsewhere ...","Росія",6,NA
2018,"10","Cereals","all",7240558,NA
2018,"10","Cereals","ЄС",2223132,NA
2018,"12","Oil seeds and oleaginous fruits; miscellaneous grains, seeds and fruit; industrial or medicinal ...","ЄС",1164663,NA
2018,"15","Animal or vegetable fats and oils and their cleavage products; prepared edible fats; animal ...","all",4496511,NA
2018,"15","Animal or vegetable fats and oils and their cleavage products; prepared edible fats; animal ...","ЄС",1146026,NA
2018,"26","Ores, slag and ash","all",3035253,NA
2018,"26","Ores, slag and ash","ЄС",1817980,NA
2018,"26","Ores, slag and ash","Росія",NA,41693
2018,"27","Mineral fuels, mineral oils and products of their distillation; bituminous substances; mineral ...","all",861312,13398588
2018,"27","Mineral fuels, mineral oils and products of their distillation; bituminous substances; mineral ...","ЄС",655911,3192585
2018,"27","Mineral fuels, mineral oils and products of their distillation; bituminous substances; mineral ...","Росія",69306,4400009
2018,"28","Inorganic chemicals; organic or inorganic compounds of precious metals, of rare-earth metals, ...","all",883220,NA
2018,"28","Inorganic chemicals; organic or inorganic compounds of precious metals, of rare-earth metals, ...","Росія",692777,NA
2018,"29","Organic chemicals","Росія",NA,161513
2018,"30","Pharmaceutical products","all",NA,1947013
2018,"30","Pharmaceutical products","ЄС",NA,1418668
2018,"31","Fertilisers","Росія",NA,323020
2018,"39","Plastics and articles thereof","all",NA,2701011
2018,"39","Plastics and articles thereof","ЄС",NA,1387006
2018,"39","Plastics and articles thereof","Росія",NA,274206
2018,"40","Rubber and articles thereof","Росія",NA,115615
2018,"44","Wood and articles of wood; wood charcoal","ЄС",1042947,NA
2018,"48","Paper and paperboard; articles of paper pulp, of paper or of paperboard","all",NA,923461
2018,"48","Paper and paperboard; articles of paper pulp, of paper or of paperboard","ЄС",NA,633237
2018,"48","Paper and paperboard; articles of paper pulp, of paper or of paperboard","Росія",189364,153199
2018,"62","Articles of apparel and clothing accessories, not knitted or crocheted","ЄС",392397,NA
2018,"72","Iron and steel","all",9936987,NA
2018,"72","Iron and steel","ЄС",3715248,NA
2018,"72","Iron and steel","Росія",633497,384629
2018,"73","Articles of iron or steel","all",1109875,NA
2018,"73","Articles of iron or steel","Росія",199765,NA
2018,"82","Tools, implements, cutlery, spoons and forks, of base metal; parts thereof of base metal","all",25234,NA
2018,"84","Machinery, mechanical appliances, nuclear reactors, boilers; parts thereof","all",1724306,6475933
2018,"84","Machinery, mechanical appliances, nuclear reactors, boilers; parts thereof","ЄС",487967,3227264
2018,"84","Machinery, mechanical appliances, nuclear reactors, boilers; parts thereof","Росія",529826,658334
2018,"85","Electrical machinery and equipment and parts thereof; sound recorders and reproducers, television ...","all",2930412,5479282
2018,"85","Electrical machinery and equipment and parts thereof; sound recorders and reproducers, television ...","ЄС",2371472,1909546
2018,"85","Electrical machinery and equipment and parts thereof; sound recorders and reproducers, television ...","Росія",204325,177243
2018,"86","Railway or tramway locomotives, rolling stock and parts thereof; railway or tramway track fixtures ...","all",253460,NA
2018,"86","Railway or tramway locomotives, rolling stock and parts thereof; railway or tramway track fixtures ...","Росія",121180,NA
2018,"87","Vehicles other than railway or tramway rolling stock, and parts and accessories thereof","all",NA,4222812
2018,"87","Vehicles other than railway or tramway rolling stock, and parts and accessories thereof","ЄС",NA,2227277
2018,"87","Vehicles other than railway or tramway rolling stock, and parts and accessories thereof","Росія",42299,97037
2018,"TOTAL","All products","all",47334680,57187093
2018,"TOTAL","All products","ЄС",20162802,23218413
2018,"TOTAL","All products","Росія",3652428,8090391
